City_ID,City,Country,Date,Lat,Lng,Max Temp,Humidity,Cloudiness,Wind Speed
0,Avarua,CK,2021-04-08 00:48:15,-21.2078,-159.775,82.4,65,75,8.05
1,Dingle,PH,2021-04-08 00:52:17,10.9995,122.6711,83.17,66,100,8.43
2,Kisangani,CD,2021-04-08 00:52:18,0.5167,25.2,69.03,99,100,1.03
3,Albany,US,2021-04-08 00:52:18,42.6001,-73.9662,59.0,55,20,6.91
4,Bonthe,SL,2021-04-08 00:52:19,7.5264,-12.505,79.18,87,100,5.3
5,Wexford,IE,2021-04-08 00:52:19,52.3342,-6.4575,42.01,87,41,8.88
6,Constitucion,CL,2021-04-08 00:48:08,-35.3333,-72.4167,55.58,83,63,8.03
7,Arraial Do Cabo,BR,2021-04-08 00:52:20,-22.9661,-42.0278,76.01,64,27,14.36
8,Kingaroy,AU,2021-04-08 00:52:20,-26.5333,151.8333,73.4,64,0,5.75
9,Tuktoyaktuk,CA,2021-04-08 00:52:20,69.4541,-133.0374,-4.0,71,20,6.91
10,Sayyan,YE,2021-04-08 00:52:21,15.1718,44.3244,53.42,15,6,4.94
11,Nikolskoye,RU,2021-04-08 00:52:21,59.7035,30.7861,30.0,93,95,4.47
12,Coquimbo,CL,2021-04-08 00:52:21,-29.9533,-71.3436,60.8,88,90,5.75
13,Westport,US,2021-04-08 00:52:22,41.1415,-73.3579,55.0,62,1,11.5
14,Khatanga,RU,2021-04-08 00:52:22,71.9667,102.5,-8.52,97,100,2.98
15,Mar Del Plata,AR,2021-04-08 00:52:23,-38.0023,-57.5575,71.6,83,1,9.22
16,Carnarvon,AU,2021-04-08 00:52:23,-24.8667,113.6333,77.0,69,5,21.85
17,Tiksi,RU,2021-04-08 00:52:23,71.6872,128.8694,-2.54,90,100,3.6
18,Atuona,PF,2021-04-08 00:52:24,-9.8,-139.0333,80.73,73,5,15.26
19,New Norfolk,AU,2021-04-08 00:52:24,-42.7826,147.0587,71.01,37,100,3.0
20,Busselton,AU,2021-04-08 00:52:25,-33.65,115.3333,62.01,81,33,3.0
21,Kodiak,US,2021-04-08 00:52:25,57.79,-152.4072,35.6,75,90,6.91
22,Puerto El Triunfo,SV,2021-04-08 00:52:25,13.2833,-88.55,86.0,79,75,4.61
23,Saldanha,ZA,2021-04-08 00:52:26,-33.0117,17.9442,59.0,88,4,4.61
24,Hilo,US,2021-04-08 00:52:26,19.7297,-155.09,78.8,47,40,12.66
25,Hasaki,JP,2021-04-08 00:52:26,35.7333,140.8333,55.4,82,75,4.61
26,Gazojak,TM,2021-04-08 00:48:23,41.1875,61.4036,60.87,34,11,7.52
27,Grindavik,IS,2021-04-08 00:52:27,63.8424,-22.4338,30.2,100,90,18.41
28,Aklavik,CA,2021-04-08 00:52:27,68.2191,-135.0107,8.6,47,40,3.44
29,Auki,SB,2021-04-08 00:52:28,-8.7676,160.7034,85.77,63,100,4.85
30,Ilulissat,GL,2021-04-08 00:52:28,69.2167,-51.1,12.2,67,75,4.61
31,Hobart,AU,2021-04-08 00:48:50,-42.8794,147.3294,70.0,49,0,8.05
32,Rikitea,PF,2021-04-08 00:52:28,-23.1203,-134.9692,77.25,60,0,7.65
33,Lahat,ID,2021-04-08 00:52:29,-3.8,103.5333,78.28,66,55,1.25
34,Denpasar,ID,2021-04-08 00:48:52,-8.65,115.2167,82.4,83,20,4.61
35,Bluff,NZ,2021-04-08 00:52:29,-46.6,168.3333,64.0,62,17,5.01
36,Pacific Grove,US,2021-04-08 00:52:29,36.6177,-121.9166,59.0,58,1,10.36
37,Hervey Bay,AU,2021-04-08 00:52:30,-25.2986,152.8535,80.01,67,0,5.01
38,Qaanaaq,GL,2021-04-08 00:52:30,77.484,-69.3632,2.23,68,100,7.58
39,Barrow,US,2021-04-08 00:52:30,71.2906,-156.7887,-18.4,63,90,11.5
40,Neuquen,AR,2021-04-08 00:52:31,-38.9516,-68.0591,60.8,72,0,11.59
41,Ust-Kuyga,RU,2021-04-08 00:52:31,70.0167,135.6,1.87,85,11,4.76
42,Boguchany,RU,2021-04-08 00:52:32,58.3814,97.4531,34.27,86,27,4.97
43,Srednekolymsk,RU,2021-04-08 00:52:32,67.45,153.6833,9.37,79,85,3.74
44,Magadan,RU,2021-04-08 00:52:33,59.5667,150.8,20.01,63,11,4.45
45,Cape Town,ZA,2021-04-08 00:48:02,-33.9258,18.4232,63.0,94,0,11.5
46,Atherton,GB,2021-04-08 00:52:33,53.5237,-2.4935,42.01,69,88,1.99
47,Magdagachi,RU,2021-04-08 00:52:34,53.45,125.8,23.25,69,99,2.59
48,Zhezkazgan,KZ,2021-04-08 00:52:34,47.8043,67.7144,44.38,72,14,7.81
49,Salinopolis,BR,2021-04-08 00:52:34,-0.6136,-47.3561,79.59,86,88,9.42
50,Pevek,RU,2021-04-08 00:52:35,69.7008,170.3133,-13.38,93,79,4.47
51,Nanortalik,GL,2021-04-08 00:52:35,60.1432,-45.2371,35.64,86,100,5.06
52,Lar,IN,2021-04-08 00:52:35,26.2039,83.9717,80.13,24,1,4.09
53,Port Elizabeth,ZA,2021-04-08 00:52:36,-33.918,25.5701,64.4,94,90,6.91
54,Castro,BR,2021-04-08 00:52:36,-24.7911,-50.0119,57.67,95,6,9.13
55,Tautira,PF,2021-04-08 00:52:37,-17.7333,-149.15,86.0,58,20,10.36
56,Grand Gaube,MU,2021-04-08 00:52:37,-20.0064,57.6608,80.01,76,94,5.99
57,Turukhansk,RU,2021-04-08 00:52:37,65.8167,87.9833,29.95,98,100,3.8
58,Luanda,AO,2021-04-08 00:49:57,-8.8368,13.2343,73.4,94,75,3.44
59,Port Alfred,ZA,2021-04-08 00:52:38,-33.5906,26.891,68.2,83,100,11.25
60,Georgetown,MY,2021-04-08 00:52:38,5.4112,100.3354,80.6,94,20,2.3
61,Butaritari,KI,2021-04-08 00:52:39,3.0707,172.7902,81.46,78,100,13.06
62,Chongwe,ZM,2021-04-08 00:52:39,-15.3292,28.682,55.62,75,70,2.77
63,Chok Chai,TH,2021-04-08 00:52:40,14.7284,102.1652,84.0,88,78,3.44
64,Caernarfon,GB,2021-04-08 00:52:40,53.1413,-4.2702,46.4,93,90,10.36
65,Talnakh,RU,2021-04-08 00:52:40,69.4865,88.3972,1.56,95,69,0.4
66,Greensburg,US,2021-04-08 00:52:41,40.3015,-79.5389,75.2,55,1,2.17
67,Grants Pass,US,2021-04-08 00:52:41,42.439,-123.3284,66.0,22,1,12.66
68,Samarkand,UZ,2021-04-08 00:52:41,39.6542,66.9597,51.8,62,0,6.91
69,Kendari,ID,2021-04-08 00:52:42,-3.945,122.4989,79.36,86,100,2.42
70,Cidreira,BR,2021-04-08 00:52:42,-30.1811,-50.2056,74.03,74,2,21.59
71,Dikson,RU,2021-04-08 00:52:43,73.5069,80.5464,8.82,80,100,5.08
72,Humberto De Campos,BR,2021-04-08 00:52:43,-2.5983,-43.4611,76.69,91,100,2.66
73,Dinhata,IN,2021-04-08 00:52:43,26.1333,89.4667,74.88,63,0,7.4
74,Hithadhoo,MV,2021-04-08 00:52:44,-0.6,73.0833,82.89,66,57,10.87
75,Udachnyy,RU,2021-04-08 00:52:44,66.4167,112.4,16.12,91,100,10.63
76,Punta Arenas,CL,2021-04-08 00:52:45,-53.15,-70.9167,50.0,71,0,13.8
77,Souillac,MU,2021-04-08 00:52:45,-20.5167,57.5167,77.0,88,75,12.66
78,Uaua,BR,2021-04-08 00:52:46,-9.8414,-39.4817,75.99,68,73,14.67
79,Cap Malheureux,MU,2021-04-08 00:52:46,-19.9842,57.6142,80.01,76,96,5.99
80,Asfi,MA,2021-04-08 00:52:46,32.2994,-9.2372,58.89,89,73,7.05
81,Boddam,GB,2021-04-08 00:52:47,57.4667,-1.7833,33.01,74,34,6.91
82,Hobyo,SO,2021-04-08 00:52:47,5.3505,48.5268,78.94,63,5,8.97
83,Carutapera,BR,2021-04-08 00:52:47,-1.195,-46.02,77.61,88,93,5.32
84,Mawlaik,MM,2021-04-08 00:52:48,23.6333,94.4167,78.21,43,0,1.88
85,La Ronge,CA,2021-04-08 00:52:48,55.1001,-105.2842,51.8,37,99,14.97
86,Tual,ID,2021-04-08 00:52:49,-5.6667,132.75,83.32,70,85,6.64
87,Shenjiamen,CN,2021-04-08 00:52:49,29.9576,122.298,53.29,80,100,15.26
88,Simbahan,PH,2021-04-08 00:52:50,6.3032,120.5836,81.73,75,99,6.2
89,Ileza,RU,2021-04-08 00:52:50,61.0533,43.9002,32.41,92,100,9.55
90,Achalpur,IN,2021-04-08 00:52:50,21.2572,77.5086,86.23,15,3,7.63
91,Torbay,CA,2021-04-08 00:52:51,47.6666,-52.7314,37.0,100,90,13.8
92,Celestun,MX,2021-04-08 00:52:51,20.8667,-90.4,79.29,73,84,10.65
93,Yellowknife,CA,2021-04-08 00:52:51,62.456,-114.3525,19.4,79,90,10.36
94,Saint-Philippe,RE,2021-04-08 00:52:52,-21.3585,55.7679,77.0,78,90,5.75
95,Necochea,AR,2021-04-08 00:52:52,-38.5473,-58.7368,73.99,76,73,8.01
96,College,US,2021-04-08 00:49:14,64.8569,-147.8028,18.0,41,40,3.44
97,Gat,IL,2021-04-08 00:49:07,31.61,34.7642,62.01,55,0,3.44
98,Alyangula,AU,2021-04-08 00:52:53,-13.8483,136.4192,86.0,66,81,9.22
99,Shubarkuduk,KZ,2021-04-08 00:52:53,49.1447,56.4872,37.04,87,100,4.23
100,Norman Wells,CA,2021-04-08 00:52:54,65.282,-126.8329,10.4,56,20,10.36
101,Mount Forest,CA,2021-04-08 00:52:54,43.9795,-80.7221,59.0,31,88,5.75
102,Ushuaia,AR,2021-04-08 00:49:50,-54.8,-68.3,46.4,87,40,3.71
103,Vaini,TO,2021-04-08 00:52:55,-21.2,-175.2,80.6,74,20,9.22
104,Katobu,ID,2021-04-08 00:52:55,-4.9408,122.5276,82.2,78,100,2.77
105,Ponta Do Sol,PT,2021-04-08 00:52:55,32.6667,-17.1,62.01,77,100,3.0
106,Kavieng,PG,2021-04-08 00:52:56,-2.5744,150.7967,79.99,77,100,21.59
107,Yeniseysk,RU,2021-04-08 00:52:56,58.4497,92.1703,31.93,94,99,3.62
108,Lashio,MM,2021-04-08 00:52:56,22.9333,97.75,71.02,48,2,0.87
109,Margate,GB,2021-04-08 00:52:57,51.3813,1.3862,39.0,53,6,1.01
110,Leh,IN,2021-04-08 00:52:57,34.1667,77.5833,24.69,68,100,0.47
111,Cherskiy,RU,2021-04-08 00:52:57,68.75,161.3,-0.49,87,100,4.18
112,Mataura,NZ,2021-04-08 00:52:58,-46.1927,168.8643,64.0,62,11,5.01
113,Kontagora,NG,2021-04-08 00:52:58,10.3999,5.4695,85.17,32,63,1.21
114,Nishihara,JP,2021-04-08 00:52:59,26.1842,127.7558,73.4,60,20,11.5
115,Saint George,US,2021-04-08 00:52:59,37.1041,-113.5841,80.01,7,1,9.22
116,Sorland,NO,2021-04-08 00:52:59,67.667,12.6934,32.83,52,100,16.62
117,Dzerzhinsk,RU,2021-04-08 00:53:00,56.2389,43.4631,41.0,87,90,13.42
118,Hofn,IS,2021-04-08 00:53:00,64.2539,-15.2082,27.1,73,100,20.11
119,Prince Rupert,CA,2021-04-08 00:53:00,54.3161,-130.3201,42.8,70,75,9.22
120,Plouzane,FR,2021-04-08 00:53:01,48.3833,-4.6167,41.0,87,75,2.3
121,Camana,PE,2021-04-08 00:53:01,-16.6228,-72.7111,70.41,85,93,7.85
122,Kruisfontein,ZA,2021-04-08 00:53:02,-34.0033,24.7314,59.0,91,18,1.01
123,Jamestown,US,2021-04-08 00:50:16,42.097,-79.2353,64.4,55,1,5.75
124,Vilhena,BR,2021-04-08 00:50:15,-12.7406,-60.1458,68.94,97,90,2.53
125,Saravan,AM,2021-04-08 00:53:02,39.7196,45.6483,43.56,57,0,6.31
126,Vestmannaeyjar,IS,2021-04-08 00:53:03,63.4427,-20.2734,33.1,89,100,25.43
127,Batagay-Alyta,RU,2021-04-08 00:53:03,67.8006,130.4114,-6.27,88,34,2.15
128,Sitka,US,2021-04-08 00:53:04,57.0531,-135.33,39.2,60,40,13.8
129,Shirokiy,RU,2021-04-08 00:53:04,49.758,129.523,31.53,42,18,16.75
130,Bredasdorp,ZA,2021-04-08 00:53:04,-34.5322,20.0403,55.4,94,78,1.14
131,Chuy,UY,2021-04-08 00:51:10,-33.6971,-53.4616,69.89,82,0,13.6
132,Hamilton,US,2021-04-08 00:48:43,39.1834,-84.5333,75.2,46,40,4.61
133,Matam,SN,2021-04-08 00:53:05,15.6175,-13.3303,86.0,26,0,2.3
134,Waipawa,NZ,2021-04-08 00:53:05,-41.4122,175.5153,69.8,64,0,17.27
135,Petropavlovsk-Kamchatskiy,RU,2021-04-08 00:53:06,53.0452,158.6483,35.6,55,40,2.24
136,Klaksvik,FO,2021-04-08 00:53:06,62.2266,-6.589,35.6,100,90,19.57
137,East London,ZA,2021-04-08 00:53:07,-33.0153,27.9116,65.59,78,9,9.93
138,Kaeo,NZ,2021-04-08 00:53:07,-35.1,173.7833,72.0,76,67,8.01
139,Kapaa,US,2021-04-08 00:53:08,22.0752,-159.319,73.4,73,90,21.85
140,Ugoofaaru,MV,2021-04-08 00:53:08,5.6667,73.0,82.38,72,27,8.37
141,Chimoio,MZ,2021-04-08 00:53:08,-19.1164,33.4833,62.6,100,20,2.3
142,Staryy Saltiv,UA,2021-04-08 00:53:09,50.0827,36.7939,37.4,81,90,13.42
143,Lorengau,PG,2021-04-08 00:53:09,-2.0226,147.2712,81.59,81,100,14.25
144,Frunze,UA,2021-04-08 00:53:09,48.6686,38.7544,50.25,84,100,14.5
145,Sarankhola,BD,2021-04-08 00:52:05,22.3082,89.7897,80.13,72,0,8.97
146,Hermanus,ZA,2021-04-08 00:53:10,-34.4187,19.2345,59.0,90,100,5.82
147,Cayenne,GF,2021-04-08 00:53:10,4.9333,-52.3333,75.2,100,75,2.3
148,Urucara,BR,2021-04-08 00:53:11,-2.5364,-57.76,78.01,83,98,2.71
149,Mezica,SI,2021-04-08 00:53:11,46.5214,14.8544,25.0,66,51,1.01
150,Taltal,CL,2021-04-08 00:53:12,-25.4,-70.4833,68.32,76,100,3.29
151,Tuatapere,NZ,2021-04-08 00:53:12,-46.1333,167.6833,64.0,62,15,5.01
152,Baruun-Urt,MN,2021-04-08 00:53:12,46.6806,113.2792,44.02,27,0,6.26
153,Amapa,BR,2021-04-08 00:53:13,1.0,-52.0,72.0,99,100,1.92
154,Chapais,CA,2021-04-08 00:53:13,49.7834,-74.8492,50.0,66,1,3.44
155,Severo-Kurilsk,RU,2021-04-08 00:53:13,50.6789,156.125,31.6,89,100,50.31
156,Iqaluit,CA,2021-04-08 00:53:14,63.7506,-68.5145,33.8,93,90,28.77
157,Kangaatsiaq,GL,2021-04-08 00:53:14,68.3065,-53.4641,22.41,83,100,17.83
158,Longyearbyen,SJ,2021-04-08 00:53:14,78.2186,15.6401,23.0,80,75,16.11
159,Ancud,CL,2021-04-08 00:53:15,-41.8697,-73.8203,55.0,88,100,11.01
160,Kirovskiy,RU,2021-04-08 00:53:15,45.0917,133.5136,31.68,42,100,10.76
161,Safford,US,2021-04-08 00:53:15,32.834,-109.7076,84.2,4,1,17.27
162,Boituva,BR,2021-04-08 00:53:16,-23.2833,-47.6722,69.8,73,0,16.11
163,Kahului,US,2021-04-08 00:53:16,20.8947,-156.47,78.8,53,40,21.85
164,Husavik,IS,2021-04-08 00:53:17,66.0449,-17.3389,23.0,86,90,19.57
165,Swift Current,CA,2021-04-08 00:53:17,50.2834,-107.8014,64.4,15,1,18.41
166,Storforshei,NO,2021-04-08 00:53:17,66.4043,14.5233,21.22,96,100,3.02
167,Soltsy,RU,2021-04-08 00:53:18,58.1239,30.3238,29.84,86,33,3.85
168,Esperance,AU,2021-04-08 00:53:18,-33.8667,121.9,62.6,94,90,5.75
169,Marsa Matruh,EG,2021-04-08 00:53:18,31.3525,27.2453,53.6,82,40,4.61
170,Ngunguru,NZ,2021-04-08 00:53:18,-35.6167,174.5,72.0,76,48,8.01
171,Tasiilaq,GL,2021-04-08 00:53:19,65.6145,-37.6368,15.8,67,8,2.3
172,Peace River,CA,2021-04-08 00:53:19,56.2501,-117.286,37.4,81,90,12.66
173,Yar-Sale,RU,2021-04-08 00:53:20,66.8333,70.8333,10.33,100,100,3.31
174,Nicoya,CR,2021-04-08 00:53:20,10.1483,-85.452,84.2,58,40,5.75
175,Victor Harbor,AU,2021-04-08 00:53:21,-35.5667,138.6167,79.0,30,75,3.0
176,Puerto Ayora,EC,2021-04-08 00:53:21,-0.7393,-90.3518,77.0,92,16,1.01
177,Conde,BR,2021-04-08 00:53:21,-7.2597,-34.9075,78.8,89,20,6.91
178,Clyde River,CA,2021-04-08 00:51:10,70.4692,-68.5914,8.6,92,90,4.61
179,Chokurdakh,RU,2021-04-08 00:53:22,70.6333,147.9167,-0.08,85,52,3.06
180,Alcaniz,ES,2021-04-08 00:53:22,41.05,-0.1333,45.0,94,13,5.99
181,Bhawanipatna,IN,2021-04-08 00:53:23,19.9,83.1667,79.43,55,2,4.21
182,Havre-Saint-Pierre,CA,2021-04-08 00:53:23,50.2334,-63.5986,44.6,87,90,9.22
183,Saint-Joseph,RE,2021-04-08 00:53:23,-21.3667,55.6167,77.0,78,90,5.75
184,Todos Santos,MX,2021-04-08 00:53:24,23.45,-110.2167,71.01,80,6,1.99
185,Lavrentiya,RU,2021-04-08 00:53:24,65.5833,-171.0,-0.42,74,28,5.46
186,Wanaka,NZ,2021-04-08 00:50:08,-44.7,169.15,61.0,71,0,5.01
187,Roebourne,AU,2021-04-08 00:53:25,-20.7833,117.1333,86.34,51,31,11.56
188,Irituia,BR,2021-04-08 00:53:25,-1.7711,-47.4381,75.58,95,97,3.04
189,Lebu,CL,2021-04-08 00:53:26,-37.6167,-73.65,54.79,90,2,4.36
190,Manokwari,ID,2021-04-08 00:52:56,-0.8667,134.0833,82.76,74,100,5.53
191,Victoria,HK,2021-04-08 00:51:09,22.2855,114.1577,75.0,79,96,4.0
192,Kompaniyivka,UA,2021-04-08 00:53:26,48.2511,32.208,31.95,81,95,10.58
193,Bambous Virieux,MU,2021-04-08 00:53:27,-20.3428,57.7575,80.01,88,75,12.66
194,Mareeba,AU,2021-04-08 00:53:27,-17.0,145.4333,90.0,68,28,3.0
195,Vila Franca Do Campo,PT,2021-04-08 00:53:27,37.7167,-25.4333,60.8,82,75,20.71
196,Quatre Cocos,MU,2021-04-08 00:53:28,-20.2078,57.7625,80.01,88,75,12.66
197,Acapulco,MX,2021-04-08 00:53:28,16.8634,-99.8901,82.4,69,40,11.5
198,Hare Bay,CA,2021-04-08 00:53:29,48.8499,-54.0148,39.2,100,100,4.61
199,Vardo,NO,2021-04-08 00:53:29,70.3705,31.1107,21.2,86,0,5.75
200,Mahebourg,MU,2021-04-08 00:53:29,-20.4081,57.7,77.0,88,75,12.66
201,Alice Springs,AU,2021-04-08 00:53:29,-23.7,133.8833,80.6,26,0,10.36
202,Komsomolskiy,UZ,2021-04-08 00:53:30,40.4272,71.7189,46.4,66,0,6.91
203,Bethel,US,2021-04-08 00:53:30,41.3712,-73.414,57.0,60,100,5.44
204,Hambantota,LK,2021-04-08 00:53:31,6.1241,81.1185,73.4,100,20,2.3
205,Inuvik,CA,2021-04-08 00:53:31,68.3499,-133.7218,8.6,47,100,4.61
206,Olafsvik,IS,2021-04-08 00:53:32,64.8945,-23.7142,27.64,75,100,43.71
207,Kapit,MY,2021-04-08 00:53:32,2.0167,112.9333,76.59,93,100,1.07
208,Anloga,GH,2021-04-08 00:53:33,5.7947,0.8973,84.2,84,20,10.36
209,Bayir,TR,2021-04-08 00:53:33,37.2687,28.2167,55.4,88,75,1.14
210,San Quintin,MX,2021-04-08 00:53:33,30.4833,-115.95,65.44,68,10,15.05
211,Porecatu,BR,2021-04-08 00:53:34,-22.7558,-51.3792,77.0,57,0,11.5
212,Sedalia,US,2021-04-08 00:53:34,38.7045,-93.2283,54.0,76,75,16.11
213,Cabo San Lucas,MX,2021-04-08 00:53:34,22.8909,-109.9124,82.4,36,40,10.36
214,Thompson,CA,2021-04-08 00:53:35,55.7435,-97.8558,46.4,46,20,9.22
215,Sangar,RU,2021-04-08 00:53:35,63.9242,127.4739,10.08,85,89,14.63
216,Tornio,FI,2021-04-08 00:53:36,65.8481,24.1466,21.2,100,0,2.3
217,Beyneu,KZ,2021-04-08 00:53:36,45.3167,55.2,52.66,47,99,10.16
218,Limenaria,GR,2021-04-08 00:53:36,40.6261,24.5786,50.0,78,100,21.79
219,Broome,US,2021-04-08 00:53:37,42.2506,-75.833,60.8,36,1,4.61
220,Bambanglipuro,ID,2021-04-08 00:53:37,-7.95,110.2833,80.6,80,45,1.9
221,Saskylakh,RU,2021-04-08 00:53:38,71.9167,114.0833,5.11,94,100,6.6
222,Richards Bay,ZA,2021-04-08 00:53:38,-28.783,32.0377,67.59,88,71,7.18
223,Yumen,CN,2021-04-08 00:53:38,40.2833,97.2,48.42,25,100,10.07
224,Salalah,OM,2021-04-08 00:53:39,17.0151,54.0924,75.2,57,0,5.75
225,Padang,ID,2021-04-08 00:53:39,-0.9492,100.3543,77.0,94,40,2.3
226,Manitouwadge,CA,2021-04-08 00:53:40,49.1215,-85.8403,44.6,93,100,9.22
227,Novomykolayivka,UA,2021-04-08 00:53:40,47.9781,35.9102,39.2,81,75,11.18
228,Korla,CN,2021-04-08 00:53:40,41.7597,86.1469,57.45,33,100,5.64
229,Provideniya,RU,2021-04-08 00:53:41,64.3833,-173.3,5.0,66,0,4.47
230,San Patricio,US,2021-04-08 00:53:41,28.017,-97.5169,82.4,69,1,12.66
231,Altamont,US,2021-04-08 00:53:42,42.2068,-121.7372,62.6,20,1,17.27
232,Anadyr,RU,2021-04-08 00:53:42,64.75,177.4833,-9.0,77,0,6.71
233,Coria,ES,2021-04-08 00:53:42,39.9879,-6.5377,61.0,54,100,1.01
234,Russell,US,2021-04-08 00:53:43,32.3502,-85.1999,75.2,60,1,5.41
235,Felanitx,ES,2021-04-08 00:53:43,39.4696,3.1483,42.01,81,20,4.61
236,Novo Aripuana,BR,2021-04-08 00:53:09,-5.1206,-60.3797,74.7,93,100,1.63
237,Port Lincoln,AU,2021-04-08 00:53:44,-34.7333,135.8667,79.86,31,100,13.62
238,Mokhsogollokh,RU,2021-04-08 00:53:44,61.4681,128.9203,14.41,78,96,6.85
239,Katsuura,JP,2021-04-08 00:53:45,35.1333,140.3,60.8,48,75,8.05
240,Laguna,US,2021-04-08 00:53:45,38.421,-121.4238,68.0,34,40,18.41
241,Jalu,LY,2021-04-08 00:53:45,29.0331,21.5482,62.62,32,14,8.61
242,Barda,AZ,2021-04-08 00:53:46,40.3744,47.1267,57.65,59,0,4.68
243,Villa Del Rosario,CO,2021-04-08 00:53:46,7.8339,-72.4742,80.6,83,40,6.91
244,Bizhbulyak,RU,2021-04-08 00:53:46,53.6967,54.2642,32.16,97,100,6.04
245,Port Hardy,CA,2021-04-08 00:53:47,50.6996,-127.4199,42.8,87,75,11.5
246,San Cristobal,VE,2021-04-08 00:53:47,7.7669,-72.225,80.6,83,40,6.91
247,Shenkursk,RU,2021-04-08 00:53:48,62.1091,42.896,34.02,94,100,8.46
248,Lakatoro,VU,2021-04-08 00:53:48,-16.0999,167.4164,83.35,72,48,8.57
249,Wajid,SO,2021-04-08 00:53:49,3.8093,43.2471,75.07,80,0,12.95
250,Nome,US,2021-04-08 00:53:49,64.5011,-165.4064,8.6,52,1,9.22
251,Luau,AO,2021-04-08 00:53:49,-10.7073,22.2247,63.3,98,100,3.38
252,Brae,GB,2021-04-08 00:53:50,60.3964,-1.353,37.4,75,75,18.41
253,Stokmarknes,NO,2021-04-08 00:53:50,68.5646,14.9108,30.0,84,99,4.0
254,Corpus Christi,US,2021-04-08 00:50:27,27.8006,-97.3964,78.8,73,75,11.5
255,Mabaruma,GY,2021-04-08 00:53:50,8.2,-59.7833,73.49,88,98,3.29
256,Hovd,MN,2021-04-08 00:53:51,48.0056,91.6419,41.09,34,0,6.78
257,Upernavik,GL,2021-04-08 00:53:51,72.7868,-56.1549,-3.14,88,95,7.02
258,Arlit,NE,2021-04-08 00:53:52,18.7369,7.3853,81.88,7,19,7.78
259,Severodvinsk,RU,2021-04-08 00:53:52,64.5635,39.8302,39.2,87,40,8.95
260,Coihaique,CL,2021-04-08 00:53:52,-45.5752,-72.0662,51.8,58,75,3.44
261,Faanui,PF,2021-04-08 00:53:53,-16.4833,-151.75,81.36,68,62,13.24
262,Ostrovnoy,RU,2021-04-08 00:53:53,68.0531,39.5131,30.34,87,100,11.16
263,Port Macquarie,AU,2021-04-08 00:52:42,-31.4333,152.9167,73.0,94,40,5.75
264,Ixtapa,MX,2021-04-08 00:53:54,20.7,-105.2,77.0,78,75,13.8
265,Shchigry,RU,2021-04-08 00:53:54,51.8755,36.9043,33.8,93,100,15.66
266,Aykhal,RU,2021-04-08 00:53:54,66.0,111.5,17.31,92,100,10.33
267,Derzhavinsk,KZ,2021-04-08 00:53:55,51.1,66.3167,39.83,80,75,12.33
268,Teahupoo,PF,2021-04-08 00:53:55,-17.8333,-149.2667,86.0,58,20,10.36
269,Darfield,GB,2021-04-08 00:53:55,53.5339,-1.376,39.2,75,10,8.05
270,Nova Olinda Do Norte,BR,2021-04-08 00:53:56,-3.8881,-59.0942,77.45,84,84,1.9
271,Ola,RU,2021-04-08 00:53:56,59.5833,151.2833,19.96,67,4,5.68
272,Chunskiy,RU,2021-04-08 00:53:57,56.0815,99.6342,33.58,96,100,9.26
273,Maridi,SS,2021-04-08 00:53:57,4.9158,29.4742,73.85,63,100,4.29
274,Ginir,ET,2021-04-08 00:53:57,7.1333,40.7,58.3,71,6,3.09
275,Chardara,KZ,2021-04-08 00:53:58,41.2547,67.9692,55.49,53,0,8.34
276,Severomuysk,RU,2021-04-08 00:53:58,56.1481,113.4267,27.16,72,92,2.3
277,Mogadishu,SO,2021-04-08 00:53:36,2.0371,45.3438,81.18,74,24,9.33
278,Kuytun,RU,2021-04-08 00:53:59,54.3419,101.5036,33.82,92,100,16.73
279,Ribeira Grande,PT,2021-04-08 00:53:59,38.5167,-28.7,60.1,90,54,20.87
280,Camas,ES,2021-04-08 00:53:59,37.402,-6.0331,62.01,77,0,5.75
281,Doka,SD,2021-04-08 00:54:00,13.5167,35.7667,85.24,11,86,8.19
282,Ahipara,NZ,2021-04-08 00:54:00,-35.1667,173.1667,70.3,62,76,1.05
283,Ayan,RU,2021-04-08 00:54:01,56.45,138.1667,24.53,88,100,14.85
284,Katherine,AU,2021-04-08 00:54:01,-14.4667,132.2667,82.4,69,0,5.75
285,Mayo,US,2021-04-08 00:54:02,38.8876,-76.5119,63.0,59,1,8.05
286,Atambua,ID,2021-04-08 00:49:16,-9.1061,124.8925,79.57,75,89,0.65
287,Shimoda,JP,2021-04-08 00:54:02,34.6667,138.95,57.2,72,40,17.27
288,Bend,US,2021-04-08 00:51:08,44.0582,-121.3153,54.0,33,100,1.99
289,Evensk,RU,2021-04-08 00:54:03,61.95,159.2333,14.02,81,22,1.9
290,Maun,BW,2021-04-08 00:54:03,-19.9833,23.4167,65.26,48,0,6.24
291,Caravelas,BR,2021-04-08 00:54:03,-17.7125,-39.2481,73.76,86,100,10.94
292,Ganzhou,CN,2021-04-08 00:54:04,28.8184,115.4327,54.77,88,100,6.98
293,Sept-Iles,CA,2021-04-08 00:54:04,50.2001,-66.3821,44.01,87,75,3.44
294,Chiredzi,ZW,2021-04-08 00:54:05,-21.05,31.6667,60.19,87,0,1.41
295,Lyngseidet,NO,2021-04-08 00:54:05,69.5763,20.2189,30.2,80,75,16.11
296,Bagli,IN,2021-04-08 00:54:05,22.65,76.35,68.0,26,0,9.51
297,Gorontalo,ID,2021-04-08 00:54:06,0.5412,123.0595,84.83,70,100,0.78
298,Sao Filipe,CV,2021-04-08 00:54:06,14.8961,-24.4956,74.91,66,100,8.52
299,Nyaunglebin,MM,2021-04-08 00:53:07,17.95,96.7333,78.51,75,2,3.4
300,Palana,RU,2021-04-08 00:54:07,59.1167,159.9667,19.22,80,11,11.39
301,Urumqi,CN,2021-04-08 00:52:10,43.801,87.6005,51.8,54,0,2.24
302,Lagoa,PT,2021-04-08 00:54:08,39.05,-27.9833,59.22,92,24,22.91
303,Berlevag,NO,2021-04-08 00:54:08,70.8578,29.0864,28.09,79,49,12.86
304,Vestmanna,FO,2021-04-08 00:54:08,62.1564,-7.1664,35.6,100,90,19.57
305,Airai,TL,2021-04-08 00:54:09,-8.9266,125.4092,68.58,77,100,1.16
306,Hiriyur,IN,2021-04-08 00:54:09,13.9456,76.6192,75.16,73,48,6.15
307,Teodoro Sampaio,BR,2021-04-08 00:54:09,-22.5325,-52.1675,73.49,61,6,11.25
308,Nsanje,MW,2021-04-08 00:54:10,-16.92,35.262,64.18,95,3,2.08
309,Yulara,AU,2021-04-08 00:54:10,-25.2406,130.9889,77.0,29,6,9.22
310,Asau,RO,2021-04-08 00:54:10,46.4333,26.4,28.4,93,17,3.44
311,Veraval,IN,2021-04-08 00:54:11,20.9,70.3667,77.2,77,0,14.32
312,Fortuna,US,2021-04-08 00:54:11,40.5982,-124.1573,52.0,87,90,11.5
313,Ilinge,ZA,2021-04-08 00:54:12,-31.9768,27.0427,52.07,93,9,2.19
314,Shymkent,KZ,2021-04-08 00:54:12,42.3,69.6,46.4,71,0,8.95
315,Haselunne,DE,2021-04-08 00:54:12,52.6667,7.4833,33.8,93,16,9.22
316,Codrington,AU,2021-04-08 00:54:13,-38.2667,141.9667,73.08,36,100,11.83
317,Poitiers,FR,2021-04-08 00:54:13,46.5833,0.3333,30.99,74,0,1.14
318,Price,US,2021-04-08 00:54:14,39.5994,-110.8107,60.8,11,1,12.66
319,Rio Grande,BR,2021-04-08 00:50:15,-32.035,-52.0986,72.0,86,2,5.99
320,Yellandu,IN,2021-04-08 00:54:14,17.6,80.3333,76.19,71,3,4.29
321,Sur,OM,2021-04-08 00:53:18,22.5667,59.5289,78.48,38,0,3.69
322,Renfrew,GB,2021-04-08 00:54:15,55.872,-4.3925,41.0,81,90,13.8
323,Kalagarh,IN,2021-04-08 00:54:15,29.5,78.75,70.38,23,0,4.16
324,Sangmelima,CM,2021-04-08 00:54:15,2.9333,11.9833,68.95,97,65,2.01
325,Naples,IT,2021-04-08 00:54:16,40.8333,14.25,42.8,52,0,6.91
326,Oranjestad,AW,2021-04-08 00:51:17,12.524,-70.027,80.6,83,40,17.27
327,Luderitz,NA,2021-04-08 00:54:16,-26.6481,15.1594,69.22,53,0,7.74
328,Strezhevoy,RU,2021-04-08 00:54:17,60.7333,77.5889,32.0,93,90,2.24
329,Narsaq,GL,2021-04-08 00:54:17,60.9167,-46.05,39.2,56,40,5.75
330,Novaya Malykla,RU,2021-04-08 00:54:17,54.2,49.95,34.63,98,100,11.34
331,Poum,NC,2021-04-08 00:54:18,-20.2333,164.0167,80.2,74,63,23.13
332,Zyuzelskiy,RU,2021-04-08 00:54:18,56.4856,60.1331,35.6,100,90,2.24
333,Udine,IT,2021-04-08 00:54:18,46.0619,13.2422,35.01,70,1,4.56
334,Santa Maria,BR,2021-04-08 00:54:19,-29.6842,-53.8069,71.6,73,0,4.61
335,Torrington,US,2021-04-08 00:54:19,41.8007,-73.1212,57.99,65,100,3.42
336,Axim,GH,2021-04-08 00:54:20,4.8699,-2.2405,80.33,89,47,5.55
337,Fukue,JP,2021-04-08 00:54:20,32.6881,128.8419,62.6,67,0,2.3
338,Tommot,RU,2021-04-08 00:54:20,58.9564,126.2925,18.55,76,100,2.98
339,Sal Rei,CV,2021-04-08 00:54:21,16.1833,-22.9167,69.8,83,75,17.27
340,Porto Novo,BJ,2021-04-08 00:54:21,6.4965,2.6036,84.2,84,40,12.66
341,Isangel,VU,2021-04-08 00:54:21,-19.55,169.2667,86.0,70,40,11.5
342,Haveli,PK,2021-04-08 00:54:22,30.4502,73.6989,65.25,39,0,5.75
343,Ayolas,PY,2021-04-08 00:54:22,-27.4,-56.9,70.52,75,0,6.24
344,Kismayo,SO,2021-04-08 00:54:23,-0.3582,42.5454,82.24,72,21,10.83
345,Mahon,ES,2021-04-08 00:54:23,39.8885,4.2658,42.8,61,0,5.75
346,Sidi Ali,DZ,2021-04-08 00:54:23,36.0998,0.4206,53.42,74,87,11.1
347,Pangnirtung,CA,2021-04-08 00:54:24,66.1451,-65.7125,30.04,95,100,9.06
348,Opuwo,NA,2021-04-08 00:54:24,-18.0607,13.84,69.22,59,18,3.74
349,Bamiantong,CN,2021-04-08 00:54:25,44.9333,130.5333,31.68,30,52,15.95
350,Qui Nhon,VN,2021-04-08 00:50:29,13.7667,109.2333,79.3,77,100,6.49
351,Pestretsy,RU,2021-04-08 00:54:25,55.7531,49.6545,35.6,87,75,8.95
352,Ponta Delgada,PT,2021-04-08 00:54:25,37.7333,-25.6667,60.8,82,75,20.71
353,Samarai,PG,2021-04-08 00:54:26,-10.6167,150.6667,83.66,70,100,3.89
354,Gazanjyk,TM,2021-04-08 00:54:26,39.2446,55.5154,64.26,43,58,8.34
355,Portland,US,2021-04-08 00:51:31,45.5234,-122.6762,51.8,66,90,6.91
356,Mount Isa,AU,2021-04-08 00:54:27,-20.7333,139.5,89.6,29,7,11.5
357,West Wendover,US,2021-04-08 00:54:27,40.7391,-114.0733,64.4,12,1,8.05
358,Tigzirt,DZ,2021-04-08 00:54:28,36.8886,4.1198,52.66,73,85,12.88
359,Virtsu,EE,2021-04-08 00:54:28,58.5716,23.5115,36.0,85,100,1.01
360,Gimli,CA,2021-04-08 00:54:28,50.6336,-96.9907,51.8,30,100,6.91
361,Mecca,SA,2021-04-08 00:54:29,21.4267,39.8261,78.96,26,0,2.57
362,Manaure,CO,2021-04-08 00:54:29,11.7751,-72.4445,81.55,70,74,11.59
363,Apartado,CO,2021-04-08 00:54:29,7.883,-76.6259,76.19,94,100,2.33
364,Bacolod,PH,2021-04-08 00:54:30,10.6667,122.95,84.24,63,100,10.29
365,Honiara,SB,2021-04-08 00:54:30,-9.4333,159.95,82.49,77,100,8.08
366,Christchurch,NZ,2021-04-08 00:54:30,-43.5333,172.6333,68.0,52,0,3.44
367,Tucumcari,US,2021-04-08 00:54:31,35.1717,-103.725,73.4,11,1,3.44
368,Buzmeyin,TM,2021-04-08 00:54:31,38.0507,58.2056,57.2,62,9,2.3
369,Barroquinha,BR,2021-04-08 00:54:31,-3.0189,-41.1361,74.64,91,98,3.38
370,Ondjiva,AO,2021-04-08 00:54:32,-17.0667,15.7333,64.38,74,53,4.85
371,Ketchikan,US,2021-04-08 00:54:32,55.3422,-131.6461,41.0,75,40,10.36
372,Camacha,PT,2021-04-08 00:54:33,33.0833,-16.3333,64.4,88,40,4.61
373,Asnaes,DK,2021-04-08 00:54:33,55.8123,11.5013,37.99,95,11,8.99
374,Chornukhy,UA,2021-04-08 00:54:33,50.2673,32.942,32.49,87,93,11.16
375,Pavlovka,RU,2021-04-08 00:54:34,52.6897,47.1405,37.99,94,100,12.84
376,The Valley,AI,2021-04-08 00:54:34,18.217,-63.0578,79.0,73,20,9.22
377,Ruidoso,US,2021-04-08 00:54:35,33.3317,-105.673,62.6,7,1,11.5
378,Middle Island,US,2021-04-08 00:54:35,40.8843,-72.9373,51.01,66,1,4.61
379,Jalingo,NG,2021-04-08 00:54:35,8.8833,11.3667,83.41,21,100,3.33
380,San Policarpo,PH,2021-04-08 00:54:36,12.1791,125.5072,80.92,73,100,6.4
381,Mirabad,AF,2021-04-08 00:54:36,30.4362,61.8383,68.83,16,3,7.61
382,Svetlyy,RU,2021-04-08 00:54:37,54.675,20.1347,34.0,100,75,11.18
383,Kholm,RU,2021-04-08 00:54:37,59.2667,32.85,31.59,93,100,5.01
384,Lompoc,US,2021-04-08 00:54:37,34.6391,-120.4579,62.6,55,48,16.11
385,Carrick-On-Suir,IE,2021-04-08 00:54:38,52.3492,-7.4131,42.01,87,53,5.08
386,Iwanai,JP,2021-04-08 00:54:38,42.9744,140.5089,36.9,40,100,13.78
387,Saint-Francois,FR,2021-04-08 00:54:39,46.4154,3.9054,27.0,86,0,5.75
388,Pisco,PE,2021-04-08 00:54:39,-13.7,-76.2167,71.01,78,0,19.57
389,Mpongwe,ZM,2021-04-08 00:54:40,-13.5091,28.155,56.73,83,14,5.66
390,Kyra,RU,2021-04-08 00:54:40,49.5776,111.9753,43.77,40,13,2.98
391,Show Low,US,2021-04-08 00:54:27,34.2542,-110.0298,66.2,5,1,6.64
392,Almaznyy,RU,2021-04-08 00:54:40,48.0448,40.045,50.0,93,75,13.42
393,Pesochnoye,RU,2021-04-08 00:54:41,58.006,39.1772,32.88,98,100,10.29
394,Yenagoa,NG,2021-04-08 00:54:41,4.9247,6.2642,78.55,92,100,4.27
395,Atar,MR,2021-04-08 00:54:41,20.5169,-13.0499,78.89,19,0,7.72
396,Ust-Shonosha,RU,2021-04-08 00:54:42,61.1531,41.343,34.27,94,100,10.11
397,Aksu,CN,2021-04-08 00:54:42,41.1231,80.2644,49.51,66,100,3.65
398,Goure,NE,2021-04-08 00:54:43,13.9835,10.2704,79.45,13,78,6.6
399,Sarangani,PH,2021-04-08 00:54:43,5.4033,125.4636,82.58,73,18,5.5
400,Meulaboh,ID,2021-04-08 00:54:43,4.1363,96.1285,77.29,86,59,3.56
401,Odweyne,SO,2021-04-08 00:54:44,9.4092,45.064,66.7,42,4,4.05
402,Baraganul,RO,2021-04-08 00:54:44,44.8,27.5167,36.34,89,99,7.09
403,Bulle,CH,2021-04-08 00:54:44,46.6195,7.0567,28.4,74,6,2.3
404,Calvia,ES,2021-04-08 00:54:45,39.5657,2.5062,42.01,50,5,1.99
405,Ichinohe,JP,2021-04-08 00:54:45,40.2069,141.3017,43.79,36,40,13.76
406,Coahuayana,MX,2021-04-08 00:54:46,18.7333,-103.6833,80.6,47,1,11.5
407,Lingao,CN,2021-04-08 00:54:46,19.9103,109.6859,78.91,71,5,7.18
408,Lasa,IT,2021-04-08 00:54:47,46.6166,10.7002,27.0,86,40,2.3
409,Penzance,GB,2021-04-08 00:54:47,50.1186,-5.5371,42.01,81,90,2.3
410,Ibra,OM,2021-04-08 00:54:47,22.6906,58.5334,70.2,37,0,2.59
411,Palu,ID,2021-04-08 00:54:35,-0.8917,119.8707,85.55,69,98,0.36
412,Carora,VE,2021-04-08 00:54:48,10.1755,-70.0827,80.58,66,91,8.61
413,Atikokan,CA,2021-04-08 00:54:48,48.7555,-91.6216,42.67,86,100,12.53
414,Kasongo-Lunda,CD,2021-04-08 00:54:49,-6.4667,16.8167,67.84,96,96,1.07
415,Humboldt,US,2021-04-08 00:51:23,40.6665,-123.9178,52.0,87,90,11.5
416,Charyshskoye,RU,2021-04-08 00:54:49,51.3978,83.5598,33.85,96,69,2.06
417,Leshukonskoye,RU,2021-04-08 00:54:49,64.8989,45.7622,35.33,90,89,8.7
418,Sechenovo,RU,2021-04-08 00:54:50,55.2244,45.8906,36.05,94,100,19.66
419,Carman,CA,2021-04-08 00:54:50,49.4992,-98.0016,60.8,23,100,10.36
420,Yabrud,SY,2021-04-08 00:54:50,33.9674,36.6574,57.0,58,0,1.99
421,Iquique,CL,2021-04-08 00:51:22,-20.2208,-70.1431,68.0,73,90,10.36
422,Gornopravdinsk,RU,2021-04-08 00:54:51,60.05,69.9,32.36,91,100,3.47
423,Vakhtan,RU,2021-04-08 00:54:51,57.9659,46.6889,33.96,97,100,12.73
424,Kamariotissa,GR,2021-04-08 00:54:52,40.4833,25.4667,59.0,88,20,33.53
425,Pospelikha,RU,2021-04-08 00:54:52,51.95,81.7667,32.18,94,38,5.12
426,Zaysan,KZ,2021-04-08 00:54:53,47.4667,84.8667,44.73,67,12,4.12
427,Guntakal,IN,2021-04-08 00:54:53,15.1667,77.3833,80.26,45,39,7.34
428,Tura,IN,2021-04-08 00:54:54,25.5198,90.2201,72.43,67,0,6.98
429,Impfondo,CG,2021-04-08 00:54:54,1.6381,18.0667,74.08,82,100,4.52
430,West Odessa,US,2021-04-08 00:54:54,31.8424,-102.4988,80.6,4,1,11.5
431,Namatanai,PG,2021-04-08 00:54:55,-3.6667,152.4333,78.71,88,100,10.58
432,Leningradskiy,RU,2021-04-08 00:54:55,69.3833,178.4167,-5.71,90,76,9.48
433,Muzaffarabad,PK,2021-04-08 00:54:56,34.37,73.4711,52.84,65,0,7.27
434,Hongjiang,CN,2021-04-08 00:54:56,27.11,109.9956,54.07,92,100,3.58
435,Vostok,RU,2021-04-08 00:54:56,46.4856,135.8833,21.99,52,100,6.26
436,Svetlogorsk,BY,2021-04-08 00:54:57,52.6333,29.7333,29.19,80,4,8.01
437,Bilibino,RU,2021-04-08 00:54:57,68.0546,166.4372,0.27,77,40,2.01
438,Anyang,CN,2021-04-08 00:54:58,36.0994,114.3289,58.77,38,0,7.23
439,Sheffield,GB,2021-04-08 00:51:04,53.383,-1.4659,39.2,75,14,8.05
440,Oussouye,SN,2021-04-08 00:54:58,12.485,-16.5469,75.2,94,0,2.3
441,Stornoway,GB,2021-04-08 00:54:58,58.2093,-6.3865,44.01,93,90,19.57
442,Oster,UA,2021-04-08 00:54:59,50.9506,30.8823,33.01,100,55,10.63
443,Morristown,US,2021-04-08 00:50:16,36.214,-83.2949,69.8,52,1,1.54
444,Sobolevo,RU,2021-04-08 00:54:59,54.4299,31.8996,30.43,90,100,9.13
445,Casino,AU,2021-04-08 00:55:00,-28.8667,153.05,71.6,83,90,10.36
446,Channel-Port Aux Basques,CA,2021-04-08 00:55:00,47.5702,-59.1367,41.65,94,95,10.54
447,Launceston,AU,2021-04-08 00:55:00,-41.45,147.1667,66.99,63,40,18.41
448,Douentza,ML,2021-04-08 00:55:01,14.9951,-2.9517,82.36,10,99,6.2
449,Virginia Beach,US,2021-04-08 00:50:03,36.8529,-75.978,61.0,55,20,8.05
450,Sa Kaeo,TH,2021-04-08 00:55:01,13.75,102.3333,81.91,74,20,6.71
451,Ortona,IT,2021-04-08 00:55:02,42.3496,14.4039,39.0,87,5,8.05
452,Andenes,NO,2021-04-08 00:55:02,69.3143,16.1194,28.99,93,75,13.8
453,Kishtwar,IN,2021-04-08 00:55:03,33.3167,75.7667,41.49,75,2,6.04
454,Carta,RO,2021-04-08 00:55:03,46.5333,25.75,7.57,95,9,0.69
455,Kieta,PG,2021-04-08 00:55:03,-6.2167,155.6333,78.6,90,100,10.38
456,Sinnamary,GF,2021-04-08 00:55:04,5.3833,-52.95,74.59,91,99,3.02
457,Severnyy,RU,2021-04-08 00:55:04,50.677,36.5532,35.6,87,75,13.42
458,Algarrobo,CO,2021-04-08 00:55:04,10.1869,-74.5753,81.0,80,94,3.65
459,Marsabit,KE,2021-04-08 00:55:05,2.3284,37.9899,67.28,72,100,13.04
460,Mount Gambier,AU,2021-04-08 00:55:05,-37.8333,140.7667,66.2,59,100,12.66
461,Diego De Almagro,CL,2021-04-08 00:55:06,-26.3667,-70.05,66.09,54,100,0.74
462,Mitchell,US,2021-04-08 00:54:28,43.7094,-98.0298,44.6,87,90,17.27
463,Peski,RU,2021-04-08 00:55:06,55.2163,38.7626,37.4,100,90,4.47
464,Sisimiut,GL,2021-04-08 00:55:06,66.9395,-53.6735,28.38,63,100,14.34
465,Dickson,US,2021-04-08 00:55:07,36.077,-87.3878,73.4,46,100,8.05
466,Kayes,ML,2021-04-08 00:55:07,14.0,-11.0,90.75,8,0,3.06
467,Sioux Lookout,CA,2021-04-08 00:55:07,50.1001,-91.917,48.2,49,90,6.91
468,Kintampo,GH,2021-04-08 00:55:08,8.0563,-1.7306,82.78,52,23,7.34
469,San Andres,CO,2021-04-08 00:55:08,12.5847,-81.7006,82.4,78,75,11.5
470,Raudeberg,NO,2021-04-08 00:55:09,61.9875,5.1352,32.0,85,100,7.81
471,Buluang,PH,2021-04-08 00:55:09,13.3068,123.3425,83.26,64,81,4.92
472,Ambulu,ID,2021-04-08 00:55:09,-8.345,113.6058,81.19,75,67,1.66
473,Port Hedland,AU,2021-04-08 00:55:10,-20.3167,118.5667,86.0,66,6,8.05
474,Giddalur,IN,2021-04-08 00:55:10,15.35,78.9167,75.54,53,4,3.51
475,Pafos,CY,2021-04-08 00:55:10,34.7667,32.4167,57.2,88,90,5.75
476,Taoudenni,ML,2021-04-08 00:55:11,22.6783,-3.9836,82.42,15,0,10.16
477,Lyubashivka,UA,2021-04-08 00:55:11,47.8372,30.2598,30.92,77,6,8.57
478,Lata,PT,2021-04-08 00:55:11,40.1629,-8.3327,55.99,85,38,1.01
479,Akdepe,TM,2021-04-08 00:55:12,42.0551,59.3788,55.4,71,100,4.61
480,Beloha,MG,2021-04-08 00:55:12,-25.1667,45.05,70.2,87,0,11.77
481,Nantucket,US,2021-04-08 00:55:12,41.2835,-70.0995,43.0,93,20,10.36
482,Faleula,WS,2021-04-08 00:55:13,-13.7946,-171.8313,89.6,70,40,3.44
483,Cabral,DO,2021-04-08 00:55:13,18.25,-71.2167,76.48,83,100,6.91
484,Huanren,CN,2021-04-08 00:55:13,41.2647,125.3667,48.36,21,0,7.78
485,Mama,RU,2021-04-08 00:55:14,58.3106,112.8986,37.69,98,100,5.08
486,Chongoyape,PE,2021-04-08 00:55:13,-6.6406,-79.3892,71.6,78,75,16.11
487,Naze,JP,2021-04-08 00:55:14,28.3667,129.4833,71.6,53,75,10.36
488,Podolinec,SK,2021-04-08 00:55:15,49.2587,20.536,25.0,80,0,10.36
489,Itarema,BR,2021-04-08 00:55:15,-2.9248,-39.9167,80.58,81,93,14.45
490,Boksitogorsk,RU,2021-04-08 00:55:16,59.474,33.8485,32.0,91,100,4.0
491,Haines Junction,CA,2021-04-08 00:55:16,60.7522,-137.5108,23.0,20,51,4.61
492,Ha Giang,VN,2021-04-08 00:55:16,22.8333,104.9833,75.67,83,37,0.98
493,Abha,SA,2021-04-08 00:55:17,18.2164,42.5053,62.6,59,0,3.8
494,Qeshm,IR,2021-04-08 00:55:17,26.9581,56.2719,68.0,88,4,4.61
495,Hay River,CA,2021-04-08 00:55:18,60.8156,-115.7999,21.2,93,100,13.8
496,Harper,LR,2021-04-08 00:55:18,4.375,-7.7169,79.72,86,64,4.09
497,Kaitangata,NZ,2021-04-08 00:55:18,-46.2817,169.8464,64.0,61,8,7.0
498,Aloleng,PH,2021-04-08 00:55:19,16.1307,119.7824,82.65,66,9,4.23
499,Lac Du Bonnet,CA,2021-04-08 00:55:19,50.2536,-96.0612,50.0,76,100,3.0
500,Canico,PT,2021-04-08 00:55:20,32.6333,-16.85,62.6,77,40,2.3
501,Dasoguz,TM,2021-04-08 00:55:20,41.8363,59.9666,50.0,71,51,4.61
502,Haimen,CN,2021-04-08 00:55:20,23.1935,116.6142,66.2,59,75,4.47
503,Teguise,ES,2021-04-08 00:55:21,29.0605,-13.564,62.6,72,0,5.75
504,Okhotsk,RU,2021-04-08 00:55:21,59.3833,143.3,20.23,81,100,5.41
505,Mackay,AU,2021-04-08 00:55:22,-21.15,149.2,84.0,74,96,9.22
506,Les Escoumins,CA,2021-04-08 00:55:22,48.1111,-69.0236,44.6,87,54,4.61
507,Batsfjord,NO,2021-04-08 00:55:22,70.6345,29.7185,21.2,86,0,5.75
508,Yinchuan,CN,2021-04-08 00:55:23,38.4681,106.2731,51.01,39,100,3.36
509,Egvekinot,RU,2021-04-08 00:55:23,66.3167,-179.1667,-1.91,78,6,2.53
510,Lazaro Cardenas,MX,2021-04-08 00:55:24,17.9583,-102.2,78.39,60,0,9.57
511,Bilma,NE,2021-04-08 00:55:24,18.6853,12.9164,82.56,6,79,5.48
512,Turayf,SA,2021-04-08 00:55:24,31.6725,38.6637,60.8,36,0,11.5
513,Kloulklubed,PW,2021-04-08 00:53:00,7.0419,134.2556,84.2,79,75,3.44
514,Monkey Hill,KN,2021-04-08 00:55:25,17.3167,-62.7167,77.0,83,100,11.5
515,Lipari,IT,2021-04-08 00:55:25,38.4674,14.954,54.0,77,16,13.0
516,Geraldton,AU,2021-04-08 00:55:25,-28.7667,114.6,71.6,73,40,14.97
517,Hurghada,EG,2021-04-08 00:55:26,27.2574,33.8129,73.4,23,0,9.22
518,Brockville,CA,2021-04-08 00:52:15,44.5834,-75.6826,55.99,71,1,4.61
519,Manado,ID,2021-04-08 00:55:26,1.487,124.8455,86.0,70,20,1.14
520,Kizilskoye,RU,2021-04-08 00:55:27,52.7255,58.8937,29.39,94,33,6.76
521,Barcelos,PT,2021-04-08 00:55:27,41.5388,-8.6151,57.0,88,0,8.05
522,San Cosme Y Damian,PY,2021-04-08 00:55:27,-27.3167,-56.35,78.8,69,0,3.44
523,Sanlucar La Mayor,ES,2021-04-08 00:55:28,37.3871,-6.2011,62.01,85,74,2.82
524,Kuching,MY,2021-04-08 00:50:59,1.55,110.3333,80.6,89,20,1.14
525,Olbia,IT,2021-04-08 00:55:28,40.9214,9.4856,35.6,75,0,4.61
526,Visby,SE,2021-04-08 00:55:29,57.6409,18.296,28.4,100,75,4.63
527,Ruteng,ID,2021-04-08 00:55:29,-8.6136,120.4721,71.06,72,69,0.43
528,Te Anau,NZ,2021-04-08 00:55:29,-45.4167,167.7167,62.71,48,1,2.44
529,Novonukutskiy,RU,2021-04-08 00:55:30,53.7002,102.7117,35.89,98,100,8.12
530,Vila Velha,BR,2021-04-08 00:52:37,-20.3297,-40.2925,75.99,94,75,6.91
531,Amahai,ID,2021-04-08 00:55:30,-3.3333,128.9167,85.06,66,91,0.25
532,Dawei,MM,2021-04-08 00:52:06,14.0833,98.2,79.66,78,100,1.83
533,Sao Jose Da Coroa Grande,BR,2021-04-08 00:55:31,-8.8978,-35.1478,78.6,77,100,7.94
534,Hashimoto,JP,2021-04-08 00:55:31,34.3167,135.6167,57.2,71,0,6.91
535,Ahwa,IN,2021-04-08 00:55:31,20.75,73.6833,73.31,41,0,2.55
536,Kachug,RU,2021-04-08 00:55:32,53.9606,105.8817,34.21,82,61,2.35
537,Mariakani,KE,2021-04-08 00:55:32,-3.8633,39.4736,73.49,94,26,5.73
538,Tongchuan,CN,2021-04-08 00:55:33,35.0806,109.0897,55.65,53,53,6.26
539,Viedma,AR,2021-04-08 00:55:33,-40.8135,-62.9967,64.96,65,100,7.14
540,Ardakan,IR,2021-04-08 00:55:33,32.31,54.0175,60.8,21,0,2.3
541,Tabou,CI,2021-04-08 00:55:34,4.423,-7.3528,79.52,88,60,5.44
542,Dubbo,AU,2021-04-08 00:55:34,-32.25,148.6167,73.4,60,3,12.66
543,Rembang,ID,2021-04-08 00:55:35,-6.707,111.3498,81.55,82,100,6.76
544,Aripuana,BR,2021-04-08 00:55:35,-9.1667,-60.6333,74.17,95,100,0.38
545,Dourbali,TD,2021-04-08 00:55:35,11.8091,15.8632,84.76,14,83,9.46
546,Casper,US,2021-04-08 00:55:36,42.8666,-106.3131,55.4,30,90,9.22
547,Uvalde,US,2021-04-08 00:55:36,29.3669,-99.767,91.0,13,1,5.75
548,Gbadolite,CD,2021-04-08 00:55:36,4.2833,21.0167,75.87,74,100,4.41
549,Chulym,RU,2021-04-08 00:55:37,55.0997,80.9572,31.28,95,100,9.01
550,Ayorou,NE,2021-04-08 00:55:37,14.7308,0.9174,83.86,6,24,10.94
551,Mweka,CD,2021-04-08 00:55:38,-4.85,21.5667,67.1,96,100,2.04
552,Butere,KE,2021-04-08 00:55:38,0.2064,34.4935,61.93,84,97,4.21
553,San Jeronimo,PE,2021-04-08 00:55:39,-11.9472,-75.2829,49.12,83,100,4.16
554,Barcelona,ES,2021-04-08 00:54:56,41.3888,2.159,51.01,71,75,5.75
555,Dauphin,CA,2021-04-08 00:55:39,51.1494,-100.0502,62.6,25,1,17.27
556,Doha,QA,2021-04-08 00:53:01,25.2867,51.5333,73.4,38,0,3.44
557,Lourdes,FR,2021-04-08 00:55:40,43.1,-0.05,32.0,74,0,2.3
558,Namibe,AO,2021-04-08 00:55:40,-15.1961,12.1522,78.55,82,70,6.67
559,Deder,ET,2021-04-08 00:55:41,9.3167,41.45,56.55,25,6,0.54
560,Ginda,IN,2021-04-08 00:55:41,30.6945,78.4932,49.82,34,0,10.22
561,Puerto Escondido,MX,2021-04-08 00:55:41,15.85,-97.0667,84.2,79,1,10.36
562,Saurimo,AO,2021-04-08 00:51:01,-9.6608,20.3916,62.73,98,83,2.8
563,Vezirkopru,TR,2021-04-08 00:55:42,41.1436,35.4547,42.8,81,0,2.3
564,Panguna,PG,2021-04-08 00:55:42,-6.3164,155.4848,71.65,94,100,3.6
565,Gimbi,ET,2021-04-08 00:55:43,9.1667,35.8333,58.91,47,19,3.67
566,Port Blair,IN,2021-04-08 00:55:43,11.6667,92.75,81.66,71,43,0.92
567,Loa Janan,ID,2021-04-08 00:55:43,-0.583,117.095,81.63,78,85,2.42
568,Puerto Ayacucho,VE,2021-04-08 00:55:44,5.6639,-67.6236,77.86,83,90,4.07
569,Mahibadhoo,MV,2021-04-08 00:55:44,3.7833,72.9667,81.86,73,11,7.56
570,Rudnogorsk,RU,2021-04-08 00:55:45,57.2639,103.7519,31.75,99,100,5.03
571,Plettenberg Bay,ZA,2021-04-08 00:55:45,-34.0527,23.3716,61.3,90,6,1.66
